experiment,category,precision,recall,f1,support,model,dataset,split
,ARTICLE,1.0,1.0,1.0,9,e4_glossweaver,challenge,test
,PREPOSITION,1.0,0.8,0.888888888888889,5,e4_glossweaver,challenge,test
,AUXILIARY,1.0,0.5,0.6666666666666666,2,e4_glossweaver,challenge,test
,PRONOUN,0.5,0.5,0.5,2,e4_glossweaver,challenge,test
,TENSE_ASPECT,0.875,1.0,0.9333333333333332,7,e4_glossweaver,challenge,test
,AGREEMENT_INFLECTION,0.1666666666666666,1.0,0.2857142857142857,1,e4_glossweaver,challenge,test
,WORD_ORDER,1.0,1.0,1.0,3,e4_glossweaver,challenge,test
,ARTICLE,0.0,0.0,0.0,331,e0_copy,aslg_pc12,test_500
,PREPOSITION,0.0,0.0,0.0,180,e0_copy,aslg_pc12,test_500
,AUXILIARY,0.0,0.0,0.0,273,e0_copy,aslg_pc12,test_500
,PRONOUN,0.0,0.0,0.0,105,e0_copy,aslg_pc12,test_500
,TENSE_ASPECT,0.0,0.0,0.0,335,e0_copy,aslg_pc12,test_500
,AGREEMENT_INFLECTION,0.0,0.0,0.0,215,e0_copy,aslg_pc12,test_500
,WORD_ORDER,0.0,0.0,0.0,3,e0_copy,aslg_pc12,test_500
,ARTICLE,0.0,0.0,0.0,306,e0_copy,synthetic_telegraphic,test_500
,PREPOSITION,0.0,0.0,0.0,385,e0_copy,synthetic_telegraphic,test_500
,AUXILIARY,1.0,0.0067340067340067,0.0133779264214046,297,e0_copy,synthetic_telegraphic,test_500
,PRONOUN,0.0,0.0,0.0,14,e0_copy,synthetic_telegraphic,test_500
,TENSE_ASPECT,0.0,0.0,0.0,260,e0_copy,synthetic_telegraphic,test_500
,AGREEMENT_INFLECTION,0.0,0.0,0.0,33,e0_copy,synthetic_telegraphic,test_500
,WORD_ORDER,0.0,0.0,0.0,24,e0_copy,synthetic_telegraphic,test_500
,ARTICLE,0.0,0.0,0.0,9,e0_copy,challenge,test
,PREPOSITION,0.0,0.0,0.0,5,e0_copy,challenge,test
,AUXILIARY,0.0,0.0,0.0,2,e0_copy,challenge,test
,PRONOUN,0.0,0.0,0.0,2,e0_copy,challenge,test
,TENSE_ASPECT,0.0,0.0,0.0,7,e0_copy,challenge,test
,AGREEMENT_INFLECTION,0.0,0.0,0.0,1,e0_copy,challenge,test
,WORD_ORDER,0.0,0.0,0.0,3,e0_copy,challenge,test
,ARTICLE,0.8444444444444444,0.8036253776435045,0.8235294117647058,331,e1_t5,aslg_pc12,test_500
,PREPOSITION,0.8193548387096774,0.7055555555555556,0.7582089552238805,180,e1_t5,aslg_pc12,test_500
,AUXILIARY,0.9676258992805756,0.9853479853479854,0.9764065335753176,273,e1_t5,aslg_pc12,test_500
,PRONOUN,0.9428571428571428,0.9428571428571428,0.9428571428571428,105,e1_t5,aslg_pc12,test_500
,TENSE_ASPECT,0.9712460063897764,0.9074626865671642,0.9382716049382716,335,e1_t5,aslg_pc12,test_500
,AGREEMENT_INFLECTION,0.8456375838926175,0.586046511627907,0.6923076923076923,215,e1_t5,aslg_pc12,test_500
,WORD_ORDER,0.2142857142857142,1.0,0.3529411764705882,3,e1_t5,aslg_pc12,test_500
,ARTICLE,0.7698744769874477,0.6013071895424836,0.6752293577981652,306,e1_t5,synthetic_telegraphic,test_500
,PREPOSITION,0.9148936170212766,0.4467532467532467,0.600349040139616,385,e1_t5,synthetic_telegraphic,test_500
,AUXILIARY,0.7222222222222222,0.0875420875420875,0.1561561561561561,297,e1_t5,synthetic_telegraphic,test_500
,PRONOUN,0.0,0.0,0.0,14,e1_t5,synthetic_telegraphic,test_500
,TENSE_ASPECT,0.69,0.2653846153846154,0.3833333333333333,260,e1_t5,synthetic_telegraphic,test_500
,AGREEMENT_INFLECTION,0.202127659574468,0.5757575757575758,0.2992125984251968,33,e1_t5,synthetic_telegraphic,test_500
,WORD_ORDER,0.0,0.0,0.0,24,e1_t5,synthetic_telegraphic,test_500
,ARTICLE,1.0,0.5555555555555556,0.7142857142857143,9,e1_t5,challenge,test
,PREPOSITION,0.5,0.2,0.2857142857142857,5,e1_t5,challenge,test
,AUXILIARY,0.0,0.0,0.0,2,e1_t5,challenge,test
,PRONOUN,0.0,0.0,0.0,2,e1_t5,challenge,test
,TENSE_ASPECT,1.0,0.1428571428571428,0.25,7,e1_t5,challenge,test
,AGREEMENT_INFLECTION,0.0,0.0,0.0,1,e1_t5,challenge,test
,WORD_ORDER,0.0,0.0,0.0,3,e1_t5,challenge,test
,ARTICLE,0.8737864077669902,0.8157099697885196,0.84375,331,e2_flan,aslg_pc12,test_500
,PREPOSITION,0.8580645161290322,0.7388888888888889,0.7940298507462686,180,e2_flan,aslg_pc12,test_500
,AUXILIARY,0.9853479853479854,0.9853479853479854,0.9853479853479854,273,e2_flan,aslg_pc12,test_500
,PRONOUN,0.98989898989899,0.9333333333333332,0.9607843137254904,105,e2_flan,aslg_pc12,test_500
,TENSE_ASPECT,0.965625,0.9223880597014924,0.9435114503816792,335,e2_flan,aslg_pc12,test_500
,AGREEMENT_INFLECTION,0.8539325842696629,0.7069767441860465,0.7735368956743002,215,e2_flan,aslg_pc12,test_500
,WORD_ORDER,0.1818181818181818,0.6666666666666666,0.2857142857142857,3,e2_flan,aslg_pc12,test_500
,ARTICLE,0.7932098765432098,0.8398692810457516,0.8158730158730159,306,e2_flan,synthetic_telegraphic,test_500
,PREPOSITION,0.9210526315789472,0.7272727272727273,0.8127721335268506,385,e2_flan,synthetic_telegraphic,test_500
,AUXILIARY,0.806282722513089,0.5185185185185185,0.6311475409836066,297,e2_flan,synthetic_telegraphic,test_500
,PRONOUN,0.4242424242424242,1.0,0.5957446808510638,14,e2_flan,synthetic_telegraphic,test_500
,TENSE_ASPECT,0.7109375,0.7,0.7054263565891472,260,e2_flan,synthetic_telegraphic,test_500
,AGREEMENT_INFLECTION,0.3513513513513513,0.3939393939393939,0.3714285714285714,33,e2_flan,synthetic_telegraphic,test_500
,WORD_ORDER,0.2,0.0833333333333333,0.1176470588235294,24,e2_flan,synthetic_telegraphic,test_500
,ARTICLE,1.0,1.0,1.0,9,e2_flan,challenge,test
,PREPOSITION,1.0,0.8,0.888888888888889,5,e2_flan,challenge,test
,AUXILIARY,0.5,0.5,0.5,2,e2_flan,challenge,test
,PRONOUN,0.5,0.5,0.5,2,e2_flan,challenge,test
,TENSE_ASPECT,0.8571428571428571,0.8571428571428571,0.8571428571428571,7,e2_flan,challenge,test
,AGREEMENT_INFLECTION,0.0,0.0,0.0,1,e2_flan,challenge,test
,WORD_ORDER,1.0,1.0,1.0,3,e2_flan,challenge,test
,ARTICLE,0.8966666666666666,0.8126888217522659,0.8526148969889066,331,e3_grammar_flan,aslg_pc12,test_500
,PREPOSITION,0.8791946308724832,0.7277777777777777,0.796352583586626,180,e3_grammar_flan,aslg_pc12,test_500
,AUXILIARY,0.9853479853479854,0.9853479853479854,0.9853479853479854,273,e3_grammar_flan,aslg_pc12,test_500
,PRONOUN,0.98989898989899,0.9333333333333332,0.9607843137254904,105,e3_grammar_flan,aslg_pc12,test_500
,TENSE_ASPECT,0.9634146341463414,0.9432835820895522,0.9532428355957768,335,e3_grammar_flan,aslg_pc12,test_500
,AGREEMENT_INFLECTION,0.8641304347826086,0.7395348837209302,0.7969924812030075,215,e3_grammar_flan,aslg_pc12,test_500
,WORD_ORDER,0.1818181818181818,0.6666666666666666,0.2857142857142857,3,e3_grammar_flan,aslg_pc12,test_500
,ARTICLE,0.8083067092651757,0.826797385620915,0.8174474959612278,306,e3_grammar_flan,synthetic_telegraphic,test_500
,PREPOSITION,0.907051282051282,0.7350649350649351,0.812051649928264,385,e3_grammar_flan,synthetic_telegraphic,test_500
,AUXILIARY,0.8368421052631579,0.5353535353535354,0.6529774127310062,297,e3_grammar_flan,synthetic_telegraphic,test_500
,PRONOUN,0.4242424242424242,1.0,0.5957446808510638,14,e3_grammar_flan,synthetic_telegraphic,test_500
,TENSE_ASPECT,0.7159090909090909,0.7269230769230769,0.7213740458015268,260,e3_grammar_flan,synthetic_telegraphic,test_500
,AGREEMENT_INFLECTION,0.3783783783783784,0.4242424242424242,0.4000000000000001,33,e3_grammar_flan,synthetic_telegraphic,test_500
,WORD_ORDER,0.1111111111111111,0.0416666666666666,0.0606060606060606,24,e3_grammar_flan,synthetic_telegraphic,test_500
,ARTICLE,1.0,1.0,1.0,9,e3_grammar_flan,challenge,test
,PREPOSITION,1.0,0.8,0.888888888888889,5,e3_grammar_flan,challenge,test
,AUXILIARY,0.5,0.5,0.5,2,e3_grammar_flan,challenge,test
,PRONOUN,0.5,0.5,0.5,2,e3_grammar_flan,challenge,test
,TENSE_ASPECT,0.8571428571428571,0.8571428571428571,0.8571428571428571,7,e3_grammar_flan,challenge,test
,AGREEMENT_INFLECTION,0.0,0.0,0.0,1,e3_grammar_flan,challenge,test
,WORD_ORDER,1.0,1.0,1.0,3,e3_grammar_flan,challenge,test
,ARTICLE,0.9075907590759076,0.8308157099697885,0.8675078864353313,331,e4_glossweaver,aslg_pc12,test_500
,PREPOSITION,0.9285714285714286,0.7944444444444444,0.8562874251497005,180,e4_glossweaver,aslg_pc12,test_500
,AUXILIARY,0.9853479853479854,0.9853479853479854,0.9853479853479854,273,e4_glossweaver,aslg_pc12,test_500
,PRONOUN,0.99,0.9428571428571428,0.9658536585365852,105,e4_glossweaver,aslg_pc12,test_500
,TENSE_ASPECT,0.9753086419753086,0.9432835820895522,0.9590288315629742,335,e4_glossweaver,aslg_pc12,test_500
,AGREEMENT_INFLECTION,0.8737373737373737,0.8046511627906977,0.8377723970944311,215,e4_glossweaver,aslg_pc12,test_500
,WORD_ORDER,0.4285714285714285,1.0,0.6,3,e4_glossweaver,aslg_pc12,test_500
,ARTICLE,0.8155339805825242,0.8235294117647058,0.8195121951219512,306,e4_glossweaver,synthetic_telegraphic,test_500
,PREPOSITION,0.9299363057324841,0.7584415584415585,0.8354792560801145,385,e4_glossweaver,synthetic_telegraphic,test_500
,AUXILIARY,0.8421052631578947,0.5925925925925926,0.6956521739130435,297,e4_glossweaver,synthetic_telegraphic,test_500
,PRONOUN,0.5,1.0,0.6666666666666666,14,e4_glossweaver,synthetic_telegraphic,test_500
,TENSE_ASPECT,0.7259786476868327,0.7846153846153846,0.7541589648798521,260,e4_glossweaver,synthetic_telegraphic,test_500
,AGREEMENT_INFLECTION,0.3939393939393939,0.3939393939393939,0.3939393939393939,33,e4_glossweaver,synthetic_telegraphic,test_500
,WORD_ORDER,0.5384615384615384,0.2916666666666667,0.3783783783783784,24,e4_glossweaver,synthetic_telegraphic,test_500
