id,gloss,reference_1,before,after,source
c01,ME GO STORE YESTERDAY,I went to the store yesterday.,i am going to stand on yesterday.,I went to the store yesterday.,challenge
c02,WOMAN BUY CAR RED,The woman bought a red car.,women buy cars red.,The woman buys a red car.,challenge
c03,MOTHER COOK FOOD TONIGHT,The mother will cook food tonight.,the other looks at food tonight.,The mother cooks food tonight.,challenge
c04,BOY GO SCHOOL MORNING,The boy went to school this morning.,both go school rolling.,The boy goes to the school in the morning.,challenge
c05,TEACHER EXPLAIN STUDENT MATH,The teacher explained math to the student.,the teacher explained the student path.,The teacher explained math to the student.,challenge
c06,CHILD PLAY OUTSIDE SUNNY,The child is playing outside in the sun.,children play outside the sunnies.,The child plays outside when it is sunny.,challenge
c07,DOG RUN FAST PARK,The dog runs fast in the park.,dogs run the first park?,The dog runs fast in the park.,challenge
c08,BOY THROW BALL STRONG,The strong boy threw the ball.,both sides are falling strong.,The strong boy throws the ball.,challenge
c09,I WANT BOOK,I want a book.,i want to book.,I want a book.,challenge
aslg_pc12:239b8a61caf37b2c7d22,REPORT WALLUS,report wallis,report wales,report walli,aslg_pc12
