model,dataset,split,train_examples,seed,bleu,rouge_l,meteor,bertscore_f1,content_word_recall,copy_ratio,runtime_minutes,checkpoint,examples,num_beams,model_label
e0_copy,aslg_pc12,test_500,0,42,20.235107315561983,0.7338092550363586,0.5517086416130969,0.8591517210006714,1.0,0.998,2.447708344940717e-05,e0-copy,500,4,E0
e0_copy,challenge,test,0,42,11.929110947147128,0.6556455889789222,0.4512738856007505,0.8623291187816196,1.0,1.0,2.119450073223561e-06,e0-copy,9,4,E0
e0_copy,synthetic_telegraphic,test_500,0,42,21.484519248306572,0.8002585137550643,0.5721723559241307,0.8976306319236755,1.0,1.0,1.5760416863486172e-05,e0-copy,500,4,E0
e1_t5,aslg_pc12,test_500,5000,42,54.476638529203406,0.7959121862863676,0.6063202808754782,0.9348745346069336,0.6956087605205252,0.6976155289155294,0.7041954138835232,/Users/kaivalyajoglekar/Desktop/Projects/GlossWeaver/checkpoints/e1_t5,500,4,E1
e1_t5,challenge,test,5000,42,2.6081170258641406,0.4259462759462759,0.2735628729236062,0.7988071242968241,0.5462962962962963,0.5537037037037037,0.0107789465168025,/Users/kaivalyajoglekar/Desktop/Projects/GlossWeaver/checkpoints/e1_t5,9,4,E1
e1_t5,synthetic_telegraphic,test_500,5000,42,7.13335828106154,0.5083140423365982,0.3314416603448769,0.8128252029418945,0.5354687756687759,0.5548414973914978,0.5521016041665765,/Users/kaivalyajoglekar/Desktop/Projects/GlossWeaver/checkpoints/e1_t5,500,4,E1
e2_flan,aslg_pc12,test_500,10000,42,65.45204921120506,0.8636282090791628,0.8585741248652163,0.9550479054450988,0.7841280967398621,0.7832486901986904,0.6787723444334309,/Users/kaivalyajoglekar/Desktop/Projects/GlossWeaver/checkpoints/e2_flan,500,4,E2
e2_flan,challenge,test,10000,42,84.40021373232254,0.9490196078431372,0.9506817393237644,0.9861918886502584,1.0,0.977777777777778,0.0108403201331384,/Users/kaivalyajoglekar/Desktop/Projects/GlossWeaver/checkpoints/e2_flan,9,4,E2
e2_flan,synthetic_telegraphic,test_500,10000,42,23.913448252146353,0.652664144967239,0.5294181408482858,0.8791636824607849,0.7194896769896776,0.7251987234987233,0.6408739180502986,/Users/kaivalyajoglekar/Desktop/Projects/GlossWeaver/checkpoints/e2_flan,500,4,E2
e3_grammar_flan,aslg_pc12,test_500,10000,42,67.02495910625723,0.873593965644703,0.8679807813608739,0.9588979482650756,0.7912951741069393,0.7892773504273508,0.7219855652831029,/Users/kaivalyajoglekar/Desktop/Projects/GlossWeaver/checkpoints/e3_grammar_flan,500,4,E3
e3_grammar_flan,challenge,test,10000,42,84.40021373232254,0.9490196078431372,0.9506817393237644,0.9861918886502584,1.0,0.977777777777778,0.0106098305501897,/Users/kaivalyajoglekar/Desktop/Projects/GlossWeaver/checkpoints/e3_grammar_flan,9,4,E3
e3_grammar_flan,synthetic_telegraphic,test_500,10000,42,25.109332627532616,0.661539233974709,0.5386921370879303,0.8816936016082764,0.7332280053280056,0.7375524975024974,0.672009044450048,/Users/kaivalyajoglekar/Desktop/Projects/GlossWeaver/checkpoints/e3_grammar_flan,500,4,E3
e4_glossweaver,aslg_pc12,test_500,37388,42,72.92600218385986,0.905614520318765,0.8980096640998356,0.9686053991317748,0.8277600184129601,0.8251720196470197,0.7105373791666352,/Users/kaivalyajoglekar/Desktop/Projects/GlossWeaver/checkpoints/e4_glossweaver,500,4,E4
e4_glossweaver,challenge,test,37388,42,90.91675728993812,0.9564270152505446,0.953362221308644,0.9896137383249072,1.0,0.977777777777778,0.0164547986166629,/Users/kaivalyajoglekar/Desktop/Projects/GlossWeaver/checkpoints/e4_glossweaver,9,4,E4
e4_glossweaver,synthetic_telegraphic,test_500,37388,42,29.551714943006356,0.6997189392241513,0.5797868456873694,0.8946759104728699,0.783660550560551,0.7841169108669106,0.6587300916663177,/Users/kaivalyajoglekar/Desktop/Projects/GlossWeaver/checkpoints/e4_glossweaver,500,4,E4
