epoch,global_step,train_generation_loss,train_grammar_loss,train_total_loss,validation_generation_loss,validation_grammar_loss,validation_total_loss,validation_bleu,validation_rouge_l,validation_meteor
1,8,2.9645454585552216,0.0,2.9645454585552216,1.5568483620882034,0.0,1.5568483620882034,20.8153851945837,0.4851000297072096,0.47454262539900255
2,16,1.992354303598404,0.0,1.992354303598404,0.9585575461387634,0.0,0.9585575461387634,37.97460479703598,0.6676757807869924,0.6760015578934802
3,24,1.3163408637046814,0.0,1.3163408637046814,0.4973996914923191,0.0,0.4973996914923191,59.11964711625786,0.8053274286784732,0.8070705000669922
4,32,0.8114317357540131,0.0,0.8114317357540131,0.20878183282911777,0.0,0.20878183282911777,79.64142061508824,0.8996506857573248,0.901322936222282
5,40,0.47878196835517883,0.0,0.47878196835517883,0.10265303589403629,0.0,0.10265303589403629,91.66091301818994,0.9578383520665946,0.9549222990082299
6,48,0.2896612212061882,0.0,0.2896612212061882,0.04476338694803417,0.0,0.04476338694803417,95.92428061259794,0.9724561189348453,0.9700244564577168
7,56,0.20295988023281097,0.0,0.20295988023281097,0.03366566833574325,0.0,0.03366566833574325,97.08525576392532,0.9830292192998994,0.9816639729064962
8,64,0.17730042897164822,0.0,0.17730042897164822,0.025434992159716785,0.0,0.025434992159716785,97.96390846088693,0.9893415918232094,0.9890111969753157
9,72,0.1333337901160121,0.0,0.1333337901160121,0.015090788569068536,0.0,0.015090788569068536,98.96219261613939,0.9928107193732193,0.9906056998840218
10,80,0.08998518390581012,0.0,0.08998518390581012,0.010743887061835267,0.0,0.010743887061835267,98.96219261613939,0.9928107193732193,0.9906056998840218
11,88,0.095795719884336,0.0,0.095795719884336,0.011332541260344442,0.0,0.011332541260344442,98.1372031702691,0.9905171804298641,0.9899998283470052
12,96,0.06783954054117203,0.0,0.06783954054117203,0.014605779171688482,0.0,0.014605779171688482,98.00306324274405,0.9871204412994293,0.9840286765472845
13,104,0.06375998444855213,0.0,0.06375998444855213,0.007762224631733261,0.0,0.007762224631733261,98.80336361330826,0.9931300566840447,0.994534075070621
14,112,0.06211316795088351,0.0,0.06211316795088351,0.008037179217353696,0.0,0.008037179217353696,98.81965806902258,0.9959161931818182,0.9983396768545777
15,120,0.08155008684843779,0.0,0.08155008684843779,0.008808958213194273,0.0,0.008808958213194273,99.57410565840486,0.9986979166666666,0.9974183284353983
16,128,0.07919165352359414,0.0,0.07919165352359414,0.0015889706774032675,0.0,0.0015889706774032675,100.00000000000004,1.0,0.9994849760809127
17,136,0.053334881318733096,0.0,0.053334881318733096,0.0038856186511111446,0.0,0.0038856186511111446,99.77032981657783,0.9994212962962963,0.9993543921699167
18,144,0.05042207986116409,0.0,0.05042207986116409,0.002281735411088448,0.0,0.002281735411088448,99.77032981657783,0.9994212962962963,0.9993543921699167
19,152,0.043690942344255745,0.0,0.043690942344255745,0.0009798731043701991,0.0,0.0009798731043701991,100.00000000000004,1.0,0.9994849760809127
20,160,0.03828399151097983,0.0,0.03828399151097983,0.0007583996703033336,0.0,0.0007583996703033336,100.00000000000004,1.0,0.9994849760809127
21,168,0.03561412496492267,0.0,0.03561412496492267,0.0017866877788037527,0.0,0.0017866877788037527,99.67172140137708,0.998046875,0.9994849760809127
22,176,0.0274204058223404,0.0,0.0274204058223404,0.0016668560419930145,0.0,0.0016668560419930145,99.67172140137708,0.998046875,0.9994849760809127
23,184,0.022666783537715673,0.0,0.022666783537715673,0.00040825440737535246,0.0,0.00040825440737535246,100.00000000000004,1.0,0.9994849760809127
24,192,0.023013922735117376,0.0,0.023013922735117376,0.0003224250776838744,0.0,0.0003224250776838744,100.00000000000004,1.0,0.9994849760809127
25,200,0.022567545005586,0.0,0.022567545005586,0.0001862504050222924,0.0,0.0001862504050222924,100.00000000000004,1.0,0.9994849760809127
26,208,0.018612155399750918,0.0,0.018612155399750918,0.018577625613488635,0.0,0.018577625613488635,99.68028244739192,0.9988839285714286,0.999245296613804
27,216,0.04182676016353071,0.0,0.04182676016353071,0.020526485365735425,0.0,0.020526485365735425,99.43001282892585,0.9979166666666667,0.9990316511497498
28,224,0.029468424734659493,0.0,0.029468424734659493,0.00012040403544233413,0.0,0.00012040403544233413,100.00000000000004,1.0,0.9994849760809127
29,232,0.02224875771207735,0.0,0.02224875771207735,0.0001351344799331855,0.0,0.0001351344799331855,100.00000000000004,1.0,0.9994849760809127
30,240,0.013729553145822138,0.0,0.013729553145822138,0.00012183337003079941,0.0,0.00012183337003079941,100.00000000000004,1.0,0.9994849760809127
31,248,0.01683901937212795,0.0,0.01683901937212795,0.00010924757634711568,0.0,0.00010924757634711568,100.00000000000004,1.0,0.9994849760809127
32,256,0.009473621001234278,0.0,0.009473621001234278,0.00011734195641111,0.0,0.00011734195641111,100.00000000000004,1.0,0.9994849760809127
33,264,0.017185292788781226,0.0,0.017185292788781226,0.00010273296447849134,0.0,0.00010273296447849134,100.00000000000004,1.0,0.9994849760809127
34,272,0.01181865856051445,0.0,0.01181865856051445,8.490377922498737e-05,0.0,8.490377922498737e-05,100.00000000000004,1.0,0.9994849760809127
35,280,0.025294218270573765,0.0,0.025294218270573765,8.273304638350965e-05,0.0,8.273304638350965e-05,100.00000000000004,1.0,0.9994849760809127
36,288,0.008838612353429198,0.0,0.008838612353429198,7.238677972054575e-05,0.0,7.238677972054575e-05,100.00000000000004,1.0,0.9994849760809127
37,296,0.005919050017837435,0.0,0.005919050017837435,6.408397439372493e-05,0.0,6.408397439372493e-05,100.00000000000004,1.0,0.9994849760809127
38,304,0.013949062791652977,0.0,0.013949062791652977,6.35147980574402e-05,0.0,6.35147980574402e-05,100.00000000000004,1.0,0.9994849760809127
39,312,0.006318922445643693,0.0,0.006318922445643693,6.000329881317157e-05,0.0,6.000329881317157e-05,100.00000000000004,1.0,0.9994849760809127
40,320,0.0075724698981503025,0.0,0.0075724698981503025,5.5443553037548554e-05,0.0,5.5443553037548554e-05,100.00000000000004,1.0,0.9994849760809127
41,328,0.008951939002145082,0.0,0.008951939002145082,6.239074900804553e-05,0.0,6.239074900804553e-05,100.00000000000004,1.0,0.9994849760809127
42,336,0.009797708393307403,0.0,0.009797708393307403,5.174625789550191e-05,0.0,5.174625789550191e-05,100.00000000000004,1.0,0.9994849760809127
43,344,0.008560937363654375,0.0,0.008560937363654375,4.730732075586275e-05,0.0,4.730732075586275e-05,100.00000000000004,1.0,0.9994849760809127
44,352,0.013941394397988915,0.0,0.013941394397988915,4.389240621094359e-05,0.0,4.389240621094359e-05,100.00000000000004,1.0,0.9994849760809127
45,360,0.004289980628527701,0.0,0.004289980628527701,3.962723280892533e-05,0.0,3.962723280892533e-05,100.00000000000004,1.0,0.9994849760809127
46,368,0.0063052061886992306,0.0,0.0063052061886992306,3.6498768167803064e-05,0.0,3.6498768167803064e-05,100.00000000000004,1.0,0.9994849760809127
47,376,0.007544655381934717,0.0,0.007544655381934717,3.420350662963756e-05,0.0,3.420350662963756e-05,100.00000000000004,1.0,0.9994849760809127
48,384,0.004942461047903635,0.0,0.004942461047903635,3.1498543421548675e-05,0.0,3.1498543421548675e-05,100.00000000000004,1.0,0.9994849760809127
49,392,0.004452687950106338,0.0,0.004452687950106338,2.9722931685682852e-05,0.0,2.9722931685682852e-05,100.00000000000004,1.0,0.9994849760809127
50,400,0.005679364694515243,0.0,0.005679364694515243,2.929277843577438e-05,0.0,2.929277843577438e-05,100.00000000000004,1.0,0.9994849760809127
51,408,0.005732134377467446,0.0,0.005732134377467446,2.86846393464657e-05,0.0,2.86846393464657e-05,100.00000000000004,1.0,0.9994849760809127
52,416,0.004479663504753262,0.0,0.004479663504753262,2.728872595980647e-05,0.0,2.728872595980647e-05,100.00000000000004,1.0,0.9994849760809127
53,424,0.005698091605154332,0.0,0.005698091605154332,2.5940082650777185e-05,0.0,2.5940082650777185e-05,100.00000000000004,1.0,0.9994849760809127
54,432,0.009335287060821429,0.0,0.009335287060821429,2.5128359880000062e-05,0.0,2.5128359880000062e-05,100.00000000000004,1.0,0.9994849760809127
55,440,0.004568683449178934,0.0,0.004568683449178934,2.4084106371446978e-05,0.0,2.4084106371446978e-05,100.00000000000004,1.0,0.9994849760809127
56,448,0.0032492394384462386,0.0,0.0032492394384462386,2.3040058408696495e-05,0.0,2.3040058408696495e-05,100.00000000000004,1.0,0.9994849760809127
57,456,0.003579834272386506,0.0,0.003579834272386506,2.2581436383006803e-05,0.0,2.2581436383006803e-05,100.00000000000004,1.0,0.9994849760809127
58,464,0.0035678646090673283,0.0,0.0035678646090673283,2.217177677721338e-05,0.0,2.217177677721338e-05,100.00000000000004,1.0,0.9994849760809127
59,472,0.011987520760158077,0.0,0.011987520760158077,2.2075040646996058e-05,0.0,2.2075040646996058e-05,100.00000000000004,1.0,0.9994849760809127
60,480,0.013836834841640666,0.0,0.013836834841640666,2.2127558622742072e-05,0.0,2.2127558622742072e-05,100.00000000000004,1.0,0.9994849760809127
