id,gloss,reference,prediction
aslg_pc12:5018c1d7745faedbbda0,X-WE CAN ENDORSE PROPOSAL .,we can endorse the proposal .,we can endorse the proposal.
aslg_pc12:1cc7f148f71782f8eba0,"AND THIS , DARE X-I SAY X-IT , BECAUSE PEOPLE BE AGAINST DESC-LOCAL GMO , BUT DESC-NOT DESC-IMMIGRANT GMO .","and this , dare I say it , because people are against local gmos , but not immigrant gmos .","and this, dare I say it, because people are against local gmos, but not immigrant gm."
aslg_pc12:bc9f364981425932edef,X-Y ATTACK DO DESC-NOT COMMAND DESC-POLITICAL SUPPORT FROM PEOPLE DESC-NORRN IRELAND .,their attacks do not command political support from the people of northern ireland .,your attacks do not command political support from the people of northern ireland.
aslg_pc12:83864dcd4850222d4876,X-Y BE APPLY FOR ASYLUM AND LITHUANIUM BE DEMAND X-Y EXTRADITION .,they are applying for asylum and lithuania is demanding their extradition .,you are applying for asylum and lithuania is demanding their extradition.
aslg_pc12:1c3b18ebd8cd30aa6b65,REFORESTATION AND MEASURE PREVENT DESERTIFICATION CAN DESC-ALSO PRODUCE DESC-SPECTACULAR RESULT IN MEDIUM TERM .,reforestation and measures preventing desertification can also produce spectacular results in the medium term .,reforestation and measures preventing desertification can also produce spectacular results in the medium term.
aslg_pc12:6e7544cca647635443ba,EUROPEAN UNION BE DO ALL X-IT CAN TO DEVELOP SE DIALOGUE AND THIS COOPERATION .,the european union is doing all it can to develop these dialogues and this cooperation .,the european union is doing all it can to develop these dialogues and this cooperation.
aslg_pc12:ed54f44be4ae8ad6e1a5,"DESC-NOT DESC-MUCH , DESC-APART FROM ACT AS WITNESS .","not much , apart from act as witnesses .","not much, apart from act as witnesses."
aslg_pc12:3a32b6d0c8b3d5d5a6bd,X-I DESC-EXPRESS X-MY SUPPORT FOR PROPOSAL TO CREATE EUROPEAN ASYLUM SUPPORT OFFICE .,i express my support for the proposal to create a european asylum support office .,i express my support for the proposal to create a european asylum support office.
aslg_pc12:a210b74f86405e8602de,WHAT INTEREST AND WHAT ACTION BE X-WE DESC-LIKELY TO TAKE IF DESC-SINGLE STATE OPTION BECOME REALITY ?,what interests and what actions are we likely to take if the single state option becomes a reality ?,what interests and what actions are we likely to take if the single state option becomes a reality?
aslg_pc12:a3723a49d219cdd99fe3,X-WE STATE GOAL BE TO MAKE DESC-AGRICULTURAL POLICY DESC-SIMPLER AND MORE DESC-TRANSPARENT .,our stated goal is to make agricultural policy simpler and more transparent .,our stated goal is to make agricultural policy simpler and more transparent.
aslg_pc12:9f521d51df8c3ba29aaf,THAT BE DESC-STILL DESC-TRUE .,that is still true .,that is still true.
aslg_pc12:3e2b48333a3ba3c71a02,EUROPEAN UNION MUST SUPPORT EFFORT BY UN TO ENSURE THAT DESC-HUMAN RIGHTS BE RESPECT THROUGHOUT WORLD .,the european union must support efforts by the un to ensure that human rights are respected throughout the world .,the european union must support efforts by the un to ensure that human rights are respected throughout the world.
aslg_pc12:bdff524c9b81b8612472,"EVERYONE BE TRY TO DEAL WITH DESC-UNEXPECTED PROBLEM , BUT DESC-INADEQUATE PROVISION INFORMATION AGGRAVATE SITUATION .","everyone is trying to deal with the unexpected problem , but the inadequate provision of information aggravated the situation .","everyone is trying to deal with the unexpected problem, but the inadequate provision of information aggravated the situation."
aslg_pc12:9185da77d6ff1fdd11bf,"FOR THIS REASON , X-IT DESERVE DESC-SPECIAL ATTENTION .","for this reason , it deserves special attention .","for this reason, it deserves special attention."
aslg_pc12:3b8873083f4d3085fe59,X-IT BE DESC-PERTINENT COMMENT .,it is a pertinent comment .,it is a regular comment.
aslg_pc12:9e9b8c695e15f74b4428,"DESC-HOWEVER , X-I QUESTION EUROPEAN UNION X-POSS DESC-FINANCIAL STANDING AS REGARD ALL X-YOU PROJECT .","however , I question the european union's financial standing as regards all of your projects .","however, I question the european union's financial standing as regards all of your projects."
aslg_pc12:1d534fadfb771f75d0ab,"X-I AGREE WITH EVERYONE WHO HAVE DESC-EXPRESS SYMPATHY FOR VICTIM , WHOSE SUFFER BE MOST DESC-REGRETTABLE .","i agree with everyone who has expressed sympathy for the victims , whose suffering is most regrettable .","i agree with everyone who has expressed sympathy for the victims, whose suffering is most regrettable."
aslg_pc12:437aafe4c77c02630b5d,THIS ACTION PLAN CONSIST 130 MEASURE .,this action plan consists of 130 measures .,this action plan consists of 130 measures.
aslg_pc12:83ab5fb2b6d6e696c4a6,EUROPE MUST HELP THIS COME ABOUT .,europe must help this come about .,europe must help this come about.
aslg_pc12:9e84b1ad0d096db94d25,WORLD BE WAIT AND EU BE DESC-WILLING PARTNER !,the world is waiting and the eu is a willing partner !,the world is waiting and the eu is a willing partner!
aslg_pc12:30970f75cac4150bb22d,X-WE HAVE TECHNOLOGY PATENT .,we have the technology patented .,we have technology patented.
aslg_pc12:8e792067e01f889313c4,RELATIONSHIP BETWEEN DEMAND AND AVAILABILITY BE DESC-QUITE DESC-DIFFERENT .,the relationship between demand and availability is quite different .,the relationship between demand and availability is quite different.
aslg_pc12:92006f730cebb947c599,BOTH CITIZEN AND MARKET NEED MORE EUROPE .,both citizens and markets need more europe .,both citizens and markets need more europe.
aslg_pc12:991992dd2a698589ca1e,DASHBOARD BE DESC-REGULARLY PUBLISH ON X-WE WEBSITE .,a dashboard is regularly published on our website .,a dashboard is regularly published on our website.
aslg_pc12:6d00ff0545f7b4e6ea56,DESC-ANNUAL ACTION PROGRAM FOR BRAZIL AND ARGENTINA 2008,annual action programmes for brazil and argentina 2008,annual action programmes for brazil and argentina 2008
aslg_pc12:bb7e6bb780b86ceab644,X-WE NEED TO HAVE SPECIALIST STAFF WHO CAN DESIGN AND IMPLEMENT DESC-HUMANITARIAN AID PROGRAM DESC-QUICKLY AND DESC-EFFICIENTLY .,we need to have specialist staff who can design and implement humanitarian aid programmes quickly and efficiently .,we need to have specialist staff who can design and implement humanitarian aid programmes quickly and efficiently.
aslg_pc12:0455e105e631ba7c0730,"ON 22 OCTOBER 2009 , X-WE ADOPT RESOLUTION ON SI X-I X-I AND VISA INFORMATION SYSTEM .","on 22 october 2009 , we adopted a resolution on the sis ii and the visa information system .","on 22 october 2009, we adopted a resolution on the sis ii i and the visa information system."
aslg_pc12:40702c8af399d29b61c8,UTILISATION SE DESC-DEMOCRATIC MEANS MUST DESC-NOT BE DESC-DEPENDENT ON POSSESSION DESC-LARGE DESC-FINANCIAL RESOURCE .,utilisation of these democratic means must not be dependent on the possession of large financial resources .,utilisation of these democratic means must not be dependent on the possession of large financial resources.
aslg_pc12:b5ff2ec2cb03697aa1af,"IN ALL DESC-OR RESPECTS , DESC-HOWEVER , X-WE NEED TO LOOK FOR WAY TO MAKE SAVINGS AND INCREASE EFFICIENCY .","in all other respects , however , we need to look for ways to make savings and increase efficiency .","in all other respects, however, we need to look for ways to make savings and increase efficiency."
aslg_pc12:f5cc002c8423c0250e5c,"M , FOR X-YOU EXPLANATION .","thank you , mrs malmström , for your explanations .",", for your explanations."
aslg_pc12:2d1c67a13f3cb654a1b2,X-I FEEL THAT X-WE MUST FOCUS DESC-PARTICULAR ATTENTION ON DESC-EASTERN PARTNERSHIP .,i feel that we must focus particular attention on the eastern partnership .,i feel that we must focus particular attention on the eastern partnership.
aslg_pc12:7369bd77bc340191cdf5,X-IT BE DESC-RAR PHENOMENON THAT BE LINK TO DEVELOPMENT COUNTRY CONCERN .,it is rather a phenomenon that is linked to the development of the country concerned .,it is a phenomenon that is linked to the development of the country concerned.
aslg_pc12:c1ca527b1ad5e788f356,X-I DESC-ABSOLUTELY AGREE 100 % .,vice president of the commission . I absolutely agree 100 % .,i absolutely agree 100 %.
aslg_pc12:bff1d1ace45c075d3e96,X-I BE ABOUT TO CONCLUDE .,i am about to conclude .,i am about to conclude.
aslg_pc12:1d85f4726c9e37d379fb,"X-WE BE DESC-FINALLY , DECADE DESC-OVERDUE , BUT DESC-FINALLY BUILD DESC-MUTUAL TRUST DESC-NECESSARY FOR DESC-MUTUAL RECOGNITION .","we are finally , a decade overdue , but finally building the mutual trust necessary for mutual recognition .","we are finally, a decade overdue, but finally building the mutual trust necessary for mutual recognition."
aslg_pc12:b75f8dc9bead197dd35c,"THIS MEAN THAT THIS COME YEAR , EUROPE MUST DO MORE AND DESC-BETTER WORK .","this means that this coming year , europe must do more and better work .","this means that this coming year, europe must do more and better work."
aslg_pc12:d3d64602a977b0c70034,"DESC-ONLY REQUEST X-WE HAVE BE TO USE X-IT , THIS DESC-LARGE PRO EUROPEAN MAJORITY .","the only request we have is to use it , this large pro european majority .","the only request we have is to use it, this large pro european majority."
aslg_pc12:5145ddeffd3481295bf2,"TOMORROW X-POSS WORLD BE ONE EMPIRE , AND X-WE MUST BE EMPIRE .","tomorrow's world is one of empires , and we must be an empire .","tomorrow's world is one of empires, and we must be an empire."
aslg_pc12:068ae594848cb40294b6,"DESC-ALSO , CUT RED TAPE AND BUREAUCRACY BY COMMISSION HAVE TO BE DESC-WELCOME .","also , the cutting of red tape and bureaucracy by the commission has to be welcomed .",", the use of red tape and bureaucracy by the commission has to be welcomed."
aslg_pc12:a6b36ef9a631e060ba2b,COMMISSION HAVE MAKE DESC-GOOD PROPOSAL AND X-I BELIEVE THAT COUNCIL SHOULD GO ALONG WITH X-Y .,the commission has made good proposals and I believe that the council should go along with them .,the commission has made good proposals and I believe that the council should go along with them.
aslg_pc12:5086fb3cfdbe5fd411cd,"LADY AND GENTLEMAN , CASE AZERBAIJAN DEMONSTRATE HOW DESC-IMPORTANT X-IT BE TO BE DESC-DISCERNING DESC-HERE .","ladies and gentlemen , the case of azerbaijan demonstrates how important it is to be discerning here .","ladies and gentlemen, the case of azerbaijan demonstrates how important it is to be discerning here."
aslg_pc12:ae44e717414a02740f88,"VOTE WILL TAKE PLACE ON WEDNESDAY , 16 SEPTEMBER .","the vote will take place on wednesday , 16 september .","the vote will take place on wednesday, 16 september."
aslg_pc12:4f44a095a9615bbf99f6,"X-IT REQUIRE OPENNESS , TRANSPARENCY AND DESC-OPEN DEBATE .","it requires openness , transparency and an open debate .","it requires openness, transparency and an open debate."
aslg_pc12:2b583c658666fec8a54b,X-IT BE NO COINCIDENCE .,it is no coincidence .,it is no coincidence.
aslg_pc12:b1a7c7d3fc8a60876c99,DESC-FIRST CHECK DESC-POLITICAL STABILITY MERCOSUR AND DESC-N X-WE WILL CONCLUDE TRADE AGREEMENT .,first check the political stability of mercosur and then we will conclude trade agreements .,the first check the political stability of mercosur and then we will conclude trade agreements.
aslg_pc12:333d06f22dc514a63373,DESC-UNPRECEDENTED NUMBER INQUIRY BE DESC-COMPLETE IN 200MOST SE CASE CONCERN EUROPEAN COMMISSION AND DESC-FAR DESC-FEWER DESC-CONCERNED ADMINISTRATION EUROPEAN PARLIAMENT .,an unprecedented number of inquiries was completed in 200most of these cases concerned the european commission and far fewer concerned the administration of the european parliament .,an unprecedented number of inquiries is completed in 200most of these cases concerned the european commission and far fewer concerned the administration of the european parliament.
aslg_pc12:c54a42fad36002fa3b34,"THAT BE DESC-SOCIAL SIDE EUROPE , AND X-IT BE DESC-GOOD SIDE .","that is the social side of europe , and it is a good side .","that is the social side of europe, and it is a good side."
aslg_pc12:099b7a5bbf26cac2d170,DESC-ONLY PERSON DESC-ABSOLUTELY DESC-UNACQUAINTED WITH SITUATION COULD BELIEVE THAT X-IT CAN BE IMPROVE IN THIS WAY .,only a person absolutely unacquainted with the situation could believe that it can be improved in this way .,only a person absolutely unacquainted with the situation could believe that it can be implemented in this way.
aslg_pc12:a0efdfc441ca1274e2ef,X-I DESC-WELCOME INITIATIVE BE TAKE BY COMMISSION .,i welcome the initiatives being taken by the commission .,i welcome the initiatives being taken by the commission.
aslg_pc12:9d62daa4a0a6824e2ea5,EUROPEAN PARLIAMENT MUST BE KEEP DESC-CONSTANTLY INFORM ON STATE PLAY DEPLOYMENT SE SYSTEM .,the european parliament must be kept constantly informed on the state of play of the deployment of these systems .,the european parliament must be kept constantly informed on the state of play of the deployment of these systems.
aslg_pc12:5f463f80b5823cff35ad,"DESC-HOWEVER , PARLIAMENT HAVE ASK COMMISSION TO DRAW DESC-UP DESC-NEW PROPOSAL ON DESC-SOCIAL INCLUSION ROMA .","however , parliament has asked the commission to draw up new proposals on the social inclusion of the roma .","however, parliament has asked the commission to draw up new proposals on social inclusion of the roma."
aslg_pc12:dc1347df2a4370434367,X-I HOPE X-IT WILL DESC-NOT DESC-ONLY FLOURISH BUT DESC-ALSO BEAR FRUIT .,i hope it will not only flourish but also bear fruit .,i hope it will not only flourish but also bear fruit.
aslg_pc12:f0960256ee7a95960dbc,"PARLIAMENT AND COUNCIL EXERCISE CONTROL , BUT DESC-ONLY AFTER ADOPTION DESC-DELEGATED ACT .","parliament and the council exercise control , but only after the adoption of the delegated acts .","parliament and the council exercise control, but only after the adoption of the delegated acts."
aslg_pc12:154da55cf9f9f6be69ff,"TERRIFY PEOPLE BE DESC-AFRAID TO FLEE , DESPITE 48 HOUR CEASE FIRE ANNOUNCE BY GOVERNMENT .","the terrified people are afraid to flee , despite the 48 hour cease fire announced by the government .","the terrified people are afraid to flee, despite the 48 hour cease fire announced by the government."
aslg_pc12:dfd68993c47aad25179f,"MADAM PRESIDENT , DESC-VERY BRIEF AMENDMENT TO DESC-ORIGINAL TEXT .","madam president , a very brief amendment to the original text .","madam president, a very brief amendment to the original text."
aslg_pc12:f52489d6fd2a89769874,"THAT , DESC-TOO , BE DESC-NOT DESC-ALWAYS CASE IN THIS CHAMBER .","that , too , is not always the case in this chamber .","that, too, is not always the case in this chamber."
aslg_pc12:7e494c3d1b81c4785b8b,WHER THIS BE WAY TO AVOID PROBLEM THAT MR BARROSO HAVE DESC-QUITE DESC-RIGHTLY DESCRIBE BE DESC-DOUBTFUL .,whether this is the way to avoid the problems that mr barroso has quite rightly described is doubtful .,whether this is the way to avoid the problems that mr barroso has quite rightly described is doubtful.
aslg_pc12:c9daecffdcb9d5047be8,X-YOU WILL RECALL THAT DESC-MANY HUNDRED MIGRANT PERISH OFF LIBYAN COAST .,you will recall that many hundreds of migrants perished off the libyan coast .,you will recall that many hundreds of migrants perished off the libyan coast.
aslg_pc12:ada72f654e035ca5720c,THIS BE ISSUE RESPECT FOR DESC-INTERNATIONAL DESC-HUMANITARIAN LAW .,this is an issue of respect for international humanitarian law .,this is a question of respect for international humanitarian law.
aslg_pc12:ed74ff165b287fdc7ab3,AREA DESC-SPECIAL CONSIDERATION UNDER NATURA 2000 FALL UNDER COMPETENCE DESC-VARIOUS DG IN COMMISSION .,areas of special consideration under natura 2000 fall under the competences of various dgs in the commission .,area of special consideration under natura 2000 fall under the competences of diverse dgs in the commission.
aslg_pc12:3eebb9d7d623011c9ea6,"UNDER SUB HEAD 1B , COUNCIL ACCEPT COMMITMENT APPROPRIATION PROPOSE BY COMMISSION .","under sub heading 1b , the council accepted the commitment appropriations proposed by the commission .","under heading 1b, the council accepted the commitment appropriations proposed by the commission."
aslg_pc12:b4738cebfbfec078016c,"WHAT PROMISE BE COUNCIL MAKE , DESC-N ?","what promises is the council making , then ?","what promises is the council making, then?"
aslg_pc12:0b66c2c297a586601b9b,EVENING OUT DIFFERENCE IN EUROPE BE ANOR DESC-IMPORTANT PART EIB X-POSS WORK .,evening out the differences in europe is another important part of the eib's work .,out differences in europe is another important part of the eib's work.
aslg_pc12:d56038405b5697e0d479,DESC-WESTERN BALKAN REGION BE DESC-SPECIAL CASE AMONG COUNTRY WHICH EUROPEAN UNION BE DESC-CLOSE TO .,the western balkans region is a special case among the countries which the european union is close to .,the western balkans region is a special case among the countries which the european union is close to.
